<?xml version="1.0" encoding="UTF-8" standalone="yes"?>
<addon id="plugin.video.deporte.tv"
       name="[COLOR orange]Deportes TV[/COLOR]"
       version="1.0.01+matrix1"
       provider-name="Deportes TV">
  <requires>    
	  <import addon="script.module.requests" />
    <import addon="script.module.six" />
  </requires>
  <extension point="xbmc.python.pluginsource" library="run.py">
    <provides>video</provides>
  </extension>


  <extension point="xbmc.addon.metadata">
    <summary>Deporte TV</summary>
    <description>Te traemos Daily Sport a tu centro multimedia ...</description>
	
	<disclaimer>
  [COLOR blue]Nosotros, ni nuestros usuarios alojamos ningun contenido en este addon. Todo el contenido proviene de sitios web publicos. Disponible para todo el mundo de forma publica y gratuita.[/COLOR]</disclaimer>
	    <platform>all</platform>
	  <assets>
		<icon>icon.png</icon>
		<fanart>fanart.jpg</fanart>
	  </assets>

  </extension>
</addon>
