{
  "active": true,
  "changes": [
    {
      "date": "05/01/2020",
      "description": "Cambios en el patron"
    },
    {
      "date": "26/01/2019",
      "description": "Primera version"
    }
  ],
  "find_videos": {
    "ignore_urls": [],
    "patterns": [
      {
        "pattern": "((?:fembed.com|ilovefembed.best))/v/([A-z-0-9]+)",
        "url": "https://www.\\1/api/source/\\2"
      }
    ]
  },
  "free": true,
  "id": "fembed",
  "name": "Fembed",
  "settings": [],
  "version": 2
}