<?xml version="1.0" encoding="UTF-8" standalone="yes"?>
<addon id="repository.tv0ne" name=" Tv0ne repository" version="1.2" provider-name="GRecoTM">
    <extension point="xbmc.addon.repository" name="Tv0ne repository">
        <info compressed="false">http://grrepo.grecotm.com/tv0ne/addons.xml</info>
        <checksum>http://grrepo.grecotm.com/tv0ne/addons.xml.md5</checksum>
        <datadir zip="true">http://grrepo.grecotm.com/tv0ne/zips</datadir>
        <hashes>false</hashes>
        <dir>
            <info compressed="false">https://raw.githubusercontent.com/jsergio123/zips/master/addons.xml</info>
            <checksum>https://raw.githubusercontent.com/jsergio123/zips/master/addons.xml.md5</checksum>
            <datadir zip="true">https://raw.githubusercontent.com/jsergio123/zips/master/</datadir>
        </dir>
    </extension>
    <extension point="xbmc.addon.metadata">
        <summary>Tv0ne repository</summary>
        <description></description>
        <platform>all</platform>
    </extension>
</addon>
