<?xml version="1.0" encoding="UTF-8" standalone="yes"?>
<addon id="plugin.video.pelotube" name="Pelo Tube" version="0.0.3" provider-name="La Taberna">
    <requires>
        <import addon="script.module.six" version="1.11.0" />
        <import addon="script.module.simplecache"/>
        <import addon="script.module.inputstreamhelper" version="0.5.0"/>
    </requires>
    <extension point="xbmc.python.pluginsource" library="default.py">
        <provides>video</provides>
    </extension>

    <extension point="xbmc.addon.metadata">
        <summary>[COLOR red]Atención: solo para adultos[/COLOR][CR]Este addon proporciona material explícito [COLOR red](PORNOGRAFIA)[/COLOR] recopilado de internet.</summary>
        <disclaimer>Este es un software [COLOR red][B]gratuito[/B][/COLOR][CR][COLOR red][B]Pero no se permite[/B][/COLOR] su distribuición preinstalada en ningún tipo de dispositivo ni tampoco su inclusión total o parcial en cualquier paquete de software y/o hardware por el que el usuario final deba [COLOR red][B]pagar o hacer una donación[/B][/COLOR], por su adquisición, por su uso o por recibir asistencia.[CR]Si cree que alguna de estas normas no se está cumpliendo póngase en contacto con nosotros.</disclaimer>
        <platform>all</platform>
        <assets>
            <icon>icon.png</icon>
            <fanart>fanart.jpg</fanart>
        </assets>
        <license>[B]Este es un software gratuito[/B]</license>
        <news></news>
    </extension>
</addon>
