<?xml version="1.0" encoding="UTF-8" standalone="yes"?>
<addon id="plugin.program.IberikaSteamPunkAeon" name="Iberika SteamPunk Aeon" version="0.0.1" provider-name="Daqueen_Iberika">
  <requires>
    <import addon="xbmc.python" version="2.1.0"/>
  </requires>
  <extension point="xbmc.python.pluginsource" library="default.py">
    <provides>executable</provides>
  </extension>
  <extension point="xbmc.service" library="startup.py" start="startup" />
  <extension point="xbmc.addon.metadata">
    <summary lang="en">Wizard</summary>
    <description lang="en">Daqueen_Iberika</description>
    <platform>all</platform>
  </extension>
</addon>