<?xml version="1.0" encoding="UTF-8"?>
<addon id="script.luar"
  version="0.3.2"
  name="Luar"
  provider-name="The Dreamers">
  <requires>
    <import addon="xbmc.python" version="2.25.0"/>
    <import addon="script.module.six" version="1.11.0"/>
    <import addon="script.module.requests"/>
  </requires>
  <extension point="xbmc.python.pluginsource" library="default.py">
    <provides>executable</provides>
  </extension>
  <extension point="xbmc.addon.repository" name="Luar Repo">
    <info>http://luar.xyz/repor/addons.xml</info>
    <checksum>http://luar.xyz/repor/addons.xml.md5</checksum>
    <datadir zip="true">http://luar.xyz/repor/</datadir>
  </extension>
  <extension point="xbmc.addon.metadata">
    <platform>all</platform>
    <summary lang="es">Script instalador de complementos para Kodi.</summary>
    <description lang="es">Selecciona, instala y disfruta.</description>
    <disclaimer lang="es"></disclaimer>
    <assets>
      <icon>icon.gif</icon>
      <fanart>fanart.jpg</fanart>
      <screenshot>resources/screenshot000.jpg</screenshot>
      <screenshot>resources/screenshot001.jpg</screenshot>
      <screenshot>resources/screenshot002.jpg</screenshot>
    </assets>
  </extension>
</addon>
