<?xml version="1.0" encoding="UTF-8" standalone="yes"?>
<addon id="plugin.program.fenixwizard" name="FENIX [COLOR gold][B]WIZARDS[/B][/COLOR]" version="0.0.1" provider-name="Equipo KodiPlex">
  <requires>
    <import addon="xbmc.python" version="2.1.0"/>
  </requires>
  <extension point="xbmc.python.pluginsource" library="default.py">
    <provides>executable</provides>
  </extension>
  <extension point="xbmc.service" library="startup.py" start="startup" />
  <extension point="xbmc.addon.metadata">
    <summary lang="en">Instalador Wizards</summary>
    <description lang="en">Instalador Wizards
Gracias a Lou</description>
    <platform>all</platform>
  </extension>
</addon>
