<?xml version="1.0" encoding="UTF-8" standalone="yes"?>
<addon id="repository.Vilhao.Matrix" name="[COLOR red]Vilhao Matrix Repository[/COLOR]" version="1.1" provider-name="Vilhao">
	<requires>
        
		<import addon="xbmc.addon" version="12.0.0"/>
	</requires>
	<extension point="xbmc.addon.repository" name="[COLOR red]Vilhao 18 + 19 Matrix Repository[/COLOR]">
		   
		<dir minversion="18.9.1">
			<info compressed="false">https://vilhaorepository.000webhostapp.com/repo.vilhao/addons.xml</info>
			<checksum>https://vilhaorepository.000webhostapp.com/repo.vilhao/addons.xml.md5</checksum>
			<datadir zip="true">https://vilhaorepository.000webhostapp.com/repo.vilhao/</datadir>
			
		</dir>

	</extension>
	<extension point="xbmc.addon.metadata">
		<summary>[COLOR red]O melhor do vilhao para a sua Tv[/COLOR]</summary>
<description>
[B][COLOR blue]●[/COLOR] [COLOR yellow]Repositório oficial do Vilhao - 2021[/COLOR][/B]
[B][COLOR firebrick]●[/COLOR] [COLOR yellow]O Add-on Vilhao é de uso gratuito!![/COLOR][/B]
[B][COLOR firebrick]●[/COLOR] [COLOR yellow]Proibido a venda dos add-ons do Vilhao.[/COLOR][/B]
</description>
<disclaimer>[B][COLOR yellow]O Vilhao é apenas um AGREGADOR de links assim como o Google.com, apenas agrega e organiza os links externos. O Vilhao nao e responsável pelos arquivos aqui encontrados.[/COLOR][/B]</disclaimer>
		<platform>all</platform>
		<source>https://vilhaorepository.000webhostapp.com/repo.vilhao/</source>
		<assets>
            <icon>icon.png</icon>
			<fanart>fanart.jpg</fanart>
        </assets>
	</extension>	
	
</addon>