<?xml version="1.0" encoding="UTF-8" standalone="yes"?>
<addon id="plugin.program.NetaiWizard" name="Netai Wizard" version="1.3.1" provider-name="Netai">
  <requires>
    <import addon="xbmc.python" version="2.1.0"/>
  </requires>
  <extension point="xbmc.python.pluginsource" library="default.py">
        <provides>program executable</provides>
  </extension>
  <extension point="xbmc.addon.metadata">
		<summary lang="es">Netai Wizard</summary>
		<description lang="es">Facil instalacion de addons,scripts y programas necesarios para funcionar perfectamente tu Kodi.</description>
		<disclaimer lang="es">Note: we are not responsible or have any influence to the content and their availability from Kodi Add-ons</disclaimer>
		<platform>all</platform>
		<facebook></facebook>
		<website>http://gruponetai.com</website>
	</extension>
</addon>
