﻿<?xml version="1.0" encoding="UTF-8" standalone="yes"?>
<addon id="plugin.close.kodi" name="[COLOR red] Force Close Kodi[/COLOR] " version="3.1.3" provider-name="Based_Skid">
  <extension point="xbmc.python.pluginsource" library="default.py">
        <provides>executable</provides>
  </extension>
  <extension point="xbmc.addon.metadata">
    <summary lang="en">Force Close Kodi</summary>
    <description lang="en"></description>
    <platform>all</platform>
    <assets>
      <icon>icon.png</icon>
      <fanart>fanart.jpg</fanart>
    </assets>
  </extension>
</addon>
